<!-- This is a generated file. It is highly recommended that you DO NOT edit this file. --><iq:manifest xmlns:iq="http://www.garmin.com/xml/connectiq" version="3">
    <iq:application entry="BasicApp" id="78c33f8e01394672b97ff2bcc8c47d2a" launcherIcon="@Drawables.LauncherIcon" name="@Strings.AppName" type="watchface" version="0.0.0">
        <iq:products>
            <iq:product id="epix2"/>
            <iq:product id="vivoactive3"/>
        </iq:products>
        <iq:permissions>
            <iq:uses-permission id="Positioning"/>
        </iq:permissions>
        <iq:languages/>
        <iq:barrels/>
    </iq:application>
</iq:manifest>
